paire,tf,sens,alerte_utc,E1,E2,SL,TP,SL_pct,statut_avec_reduction,E2_remplie,pnl_pct_avec_reduction,statut_sans_reduction,pnl_pct_sans_reduction
BTC/USDT,1h,short,2026-10-04 07:28,86308.5,87238.3,87307.10357142857,83884.0,1.16,ouvert,False,0.083,ouvert,0.083
BTC/USDT,1h,long,2026-10-04 20:42,84852.8,84752.52857142857,84652.25714285714,85577.1,0.24,manqué (TP sans entrée),False,0.0,manqué (TP sans entrée),0.0
ETH/USDT,1h,short,2026-10-04 07:28,2738.47,2766.66,2772.4135714285717,2651.0,1.24,ouvert,False,0.463,ouvert,0.463
CT/USDT,15m,short,2026-10-04 07:28,0.51073,0.51665,0.5193217857142858,0.462,1.68,en attente,False,0.0,en attente,0.0
SOL/USDT,15m,long,2026-10-04 07:28,120.18,120.04,119.90428571428572,121.3,0.23,manqué (TP sans entrée),False,0.0,manqué (TP sans entrée),0.0
XDP/USDT,15m,short,2026-10-04 07:28,0.021033,0.021109,0.021153714285714286,0.01991,0.57,SL,True,-1.51,SL,-1.51
XDP/USDT,15m,long,2026-10-04 11:16,0.020089,0.019933,0.019869035714285714,0.020874,1.09,manqué (TP sans entrée),False,0.0,manqué (TP sans entrée),0.0
XDP/USDT,15m,long,2026-10-04 15:01,0.020714,0.020624392857142855,0.02053478571428571,0.021476,0.87,SL,True,-1.307,SL,-1.307
XDP/USDT,15m,long,2026-10-05 02:54,0.02091,0.02085132142857143,0.020792642857142857,0.021364,0.56,SL,True,-1.473,SL,-1.473
XDP/USDT,1h,long,2026-10-04 07:28,0.019738,0.019604,0.01946817857142857,0.021826,1.37,en attente,False,0.0,en attente,0.0
WLD/USDT,1h,long,2026-10-04 07:28,0.5636,0.5499,0.5463107142857143,0.6193,3.07,en attente,False,0.0,en attente,0.0
DOGE/USDT,1h,short,2026-10-04 07:28,0.09606,0.09761,0.09789607142857143,0.09122,1.91,ouvert,False,0.023,ouvert,0.023
DOGE/USDT,1h,long,2026-10-05 01:12,0.09381,0.09336,0.09296428571428571,0.0976,0.9,en attente,False,0.0,en attente,0.0
STRK/USDT,15m,long,2026-10-04 07:28,0.04917,0.04831,0.047932857142857145,0.05644,2.52,manqué (TP sans entrée),False,0.0,manqué (TP sans entrée),0.0
STRK/USDT,15m,long,2026-10-04 23:50,0.05486,0.05431035714285714,0.05376071428571428,0.06084,2.0,en attente,False,0.0,en attente,0.0
STRK/USDT,1h,long,2026-10-04 07:28,0.04429,0.04334321428571429,0.04239642857142858,0.05644,4.28,manqué (TP sans entrée),False,0.0,manqué (TP sans entrée),0.0
XRP/USDT,1h,short,2026-10-04 07:28,1.527,1.5554,1.557725,1.4453,2.01,ouvert,False,0.419,ouvert,0.419
NEAR/USDT,15m,long,2026-10-04 07:28,4.631,4.607,4.5922857142857145,4.905,0.84,manqué (TP sans entrée),False,0.0,manqué (TP sans entrée),0.0
NEAR/USDT,15m,long,2026-10-04 15:01,4.785,4.767,4.7246428571428565,4.938,1.26,manqué (TP sans entrée),False,0.0,manqué (TP sans entrée),0.0
NEAR/USDT,15m,long,2026-10-04 20:42,4.867,4.839,4.816142857142857,5.051,1.04,ouvert,True,-0.263,ouvert,-0.263
NEAR/USDT,1h,short,2026-10-04 07:28,5.42,5.496,5.565785714285714,4.588,2.69,en attente,False,0.0,en attente,0.0
PUMP/USDT,15m,long,2026-10-04 07:28,0.006271,0.006229,0.0061708928571428566,0.006589,1.6,TP,True,2.042,TP,4.123
PUMP/USDT,15m,long,2026-10-04 11:16,0.006073,0.005995,0.005969964285714286,0.006589,1.7,manqué (TP sans entrée),False,0.0,manqué (TP sans entrée),0.0
PUMP/USDT,15m,long,2026-10-04 20:42,0.006285,0.00625,0.006209035714285715,0.006805,1.21,en attente,False,0.0,en attente,0.0
PUMP/USDT,1h,long,2026-10-04 07:28,0.005854,0.005703,0.005591785714285714,0.006589,4.48,manqué (TP sans entrée),False,0.0,manqué (TP sans entrée),0.0
PUMP/USDT,1h,long,2026-10-05 01:12,0.0063,0.006225,0.006154178571428571,0.006805,2.31,en attente,False,0.0,en attente,0.0
LIT/USDT,15m,long,2026-10-04 07:28,3.508,3.4967964285714284,3.481996428571428,3.7303,0.74,ouvert,True,4.152,ouvert,6.963
LIT/USDT,1h,short,2026-10-04 07:28,3.8464,3.88,3.9107535714285713,3.416,1.67,en attente,False,0.0,en attente,0.0
HYPE/USDT,15m,long,2026-10-04 07:28,88.0,87.847,87.74017857142857,90.227,0.3,manqué (TP sans entrée),False,0.0,manqué (TP sans entrée),0.0
HYPE/USDT,15m,long,2026-10-04 11:16,89.813,89.643,89.49853571428571,90.926,0.35,TP,False,2.031,TP,2.031
TRUMP/USDT,1h,short,2026-10-04 07:28,2.139,2.213,2.218607142857143,1.979,3.72,en attente,False,0.0,en attente,0.0
SAND/USDT,15m,long,2026-10-04 07:28,0.07559,0.07482428571428572,0.07405857142857143,0.08052,2.03,SL,True,-1.13,SL,-1.13
SAND/USDT,15m,short,2026-10-04 20:42,0.07674,0.07745,0.07780071428571429,0.07393,1.38,manqué (TP sans entrée),False,0.0,manqué (TP sans entrée),0.0
SAND/USDT,1h,long,2026-10-04 07:28,0.06404,0.06121,0.05992392857142857,0.08416,6.43,en attente,False,0.0,en attente,0.0
ZRO/USDT,1h,long,2026-10-04 07:29,1.893,1.8503,1.8272714285714287,2.1461,3.47,en attente,False,0.0,en attente,0.0
NIGHT/USDT,1h,long,2026-10-04 07:29,0.043721,0.0421,0.04153467857142857,0.05311,5.0,ouvert,False,0.505,ouvert,0.505
NIGHT/USDT,1h,long,2026-10-04 22:03,0.040624,0.039343,0.038778678571428575,0.05311,4.54,en attente,False,0.0,en attente,0.0
LTC/USDT,15m,long,2026-10-04 07:29,69.02,68.84,68.68214285714286,70.86,0.49,manqué (TP sans entrée),False,0.0,manqué (TP sans entrée),0.0
LTC/USDT,1h,long,2026-10-04 07:29,67.33,66.89,66.57821428571428,71.36,1.12,manqué (TP sans entrée),False,0.0,manqué (TP sans entrée),0.0
LTC/USDT,1h,long,2026-10-04 11:16,68.99,68.69428571428571,68.39857142857142,70.86,0.86,manqué (TP sans entrée),False,0.0,manqué (TP sans entrée),0.0
MON/USDT,15m,long,2026-10-04 07:29,0.03167,0.03146857142857142,0.03126714285714285,0.03548,1.27,en attente,False,0.0,en attente,0.0
MON/USDT,15m,long,2026-10-04 20:42,0.03348,0.03302,0.03279142857142857,0.03498,2.06,SL,True,-0.59,SL,-1.144
MON/USDT,1h,long,2026-10-04 07:29,0.0319,0.03150714285714286,0.03108714285714286,0.03548,2.55,en attente,False,0.0,en attente,0.0
BNB/USDT,15m,long,2026-10-04 07:29,781.1,779.5,778.8607142857143,792.9,0.29,manqué (TP sans entrée),False,0.0,manqué (TP sans entrée),0.0
BNB/USDT,15m,long,2026-10-04 22:51,789.3,788.4678571428572,787.6357142857142,797.8,0.21,manqué (TP sans entrée),False,0.0,manqué (TP sans entrée),0.0
ARB/USDT,15m,long,2026-10-04 07:29,0.20041,0.20004,0.19932999999999998,0.20424,0.54,SL,True,-0.531,SL,-1.446
ARB/USDT,15m,long,2026-10-04 20:42,0.19988,0.19921,0.19871178571428572,0.20517,0.58,en attente,False,0.0,en attente,0.0
PEPE/USDT,15m,short,2026-10-04 07:29,4.306e-06,4.318e-06,4.324178571428571e-06,4.26e-06,0.42,SL,True,-0.921,SL,-1.709
PEPE/USDT,15m,long,2026-10-04 20:42,4.276e-06,4.263e-06,4.256035714285714e-06,4.327e-06,0.47,manqué (TP sans entrée),False,0.0,manqué (TP sans entrée),0.0
PEPE/USDT,1h,short,2026-10-04 07:29,4.381e-06,4.427e-06,4.438678571428571e-06,4.141e-06,1.32,SL,True,-1.255,SL,-1.255
AAVE/USDT,1h,long,2026-10-04 07:29,160.2,159.28,157.76607142857142,187.86,1.52,en attente,False,0.0,en attente,0.0
STX/USDT,15m,long,2026-10-04 07:29,0.3688,0.367,0.3659821428571428,0.4015,0.76,manqué (TP sans entrée),False,0.0,manqué (TP sans entrée),0.0
STX/USDT,15m,short,2026-10-04 11:16,0.3749,0.3762,0.3766535714285714,0.3695,0.47,SL,True,-1.682,SL,-1.682
STX/USDT,15m,long,2026-10-04 15:01,0.3749,0.373,0.37106071428571424,0.3869,1.02,manqué (TP sans entrée),False,0.0,manqué (TP sans entrée),0.0
STX/USDT,15m,long,2026-10-04 20:42,0.3861,0.38350357142857144,0.3809071428571429,0.4143,1.34,ouvert,False,0.683,ouvert,0.683
LINK/USDT,15m,long,2026-10-04 07:29,13.923,13.892,13.869142857142858,14.235,0.39,manqué (TP sans entrée),False,0.0,manqué (TP sans entrée),0.0
LINK/USDT,15m,long,2026-10-05 00:35,14.158,14.119,14.079071428571428,14.329,0.56,ouvert,True,-0.327,ouvert,-0.535
LINK/USDT,1h,short,2026-10-04 07:29,14.333,14.509,14.552428571428571,13.2,1.53,en attente,False,0.0,en attente,0.0
ATH/USDT,1h,long,2026-10-04 07:29,0.0063,0.006185,0.006070892857142857,0.008309,3.64,manqué (TP sans entrée),False,0.0,manqué (TP sans entrée),0.0
ATH/USDT,1h,long,2026-10-04 15:01,0.007251,0.007075,0.006885321428571428,0.008489,5.04,en attente,False,0.0,en attente,0.0
TAO/USDT,15m,long,2026-10-04 07:29,297.4,296.6,296.06428571428575,310.5,0.45,en attente,False,0.0,en attente,0.0
TAO/USDT,1h,long,2026-10-04 07:29,296.2,293.4,291.6607142857143,310.5,1.53,en attente,False,0.0,en attente,0.0
TAO/USDT,1h,short,2026-10-04 07:29,311.6,316.4,318.1392857142857,286.4,2.1,en attente,False,0.0,en attente,0.0
TIA/USDT,15m,long,2026-10-04 07:29,0.4618,0.4584,0.45579642857142855,0.4891,1.3,manqué (TP sans entrée),False,0.0,manqué (TP sans entrée),0.0
TIA/USDT,15m,long,2026-10-04 21:30,0.4696,0.46818928571428575,0.46677857142857143,0.4828,0.6,manqué (TP sans entrée),False,0.0,manqué (TP sans entrée),0.0
TIA/USDT,1h,long,2026-10-04 07:29,0.4628,0.4551,0.45197857142857145,0.4891,2.34,manqué (TP sans entrée),False,0.0,manqué (TP sans entrée),0.0
OKB/USDT,1h,short,2026-10-04 07:29,121.93,122.74,123.02107142857143,119.65,0.89,SL,True,-1.358,SL,-1.358
ADA/USDT,1h,short,2026-10-04 07:29,0.2514,0.2542,0.2548285714285714,0.239,1.36,SL,True,-1.25,SL,-1.25
ADA/USDT,1h,long,2026-10-05 03:04,0.2465,0.2440142857142857,0.24152857142857143,0.2712,2.02,manqué (TP sans entrée),False,0.0,manqué (TP sans entrée),0.0
HBAR/USDT,1h,short,2026-10-04 07:29,0.10535,0.10719,0.10750607142857142,0.09924,2.05,en attente,False,0.0,en attente,0.0
RESOLV/USDT,15m,short,2026-10-04 07:29,0.01972,0.0198,0.019848928571428573,0.01926,0.65,manqué (TP sans entrée),False,0.0,manqué (TP sans entrée),0.0
ZAMA/USDT,15m,long,2026-10-04 07:29,0.08573,0.08455,0.08408428571428572,0.09051,1.92,manqué (TP sans entrée),False,0.0,manqué (TP sans entrée),0.0
RAY/USDT,1h,long,2026-10-04 07:29,1.9776,1.9519,1.9403892857142857,2.15,1.88,manqué (TP sans entrée),False,0.0,manqué (TP sans entrée),0.0
BTC/USDT,15m,long,2026-10-04 11:16,84824.3,84774.3,84724.3,85428.0,0.12,manqué (TP sans entrée),False,0.0,manqué (TP sans entrée),0.0
BTC/USDT,15m,long,2026-10-04 22:51,85469.9,85358.53214285713,85247.16428571427,86696.3,0.26,manqué (TP sans entrée),False,0.0,manqué (TP sans entrée),0.0
BTC/USDT,15m,long,2026-10-05 01:42,86058.1,85815.4,85672.20357142856,86994.3,0.45,ouvert,False,-0.342,ouvert,-0.342
ETH/USDT,15m,long,2026-10-04 11:16,2695.83,2692.12,2690.0235714285714,2708.25,0.22,TP,False,0.888,TP,0.888
ETH/USDT,15m,long,2026-10-05 00:35,2708.32,2701.51,2697.136785714286,2740.0,0.41,en attente,False,0.0,en attente,0.0
TRUMP/USDT,15m,short,2026-10-04 11:16,2.044,2.049,2.0533214285714285,2.02,0.46,manqué (TP sans entrée),False,0.0,manqué (TP sans entrée),0.0
TRUMP/USDT,15m,long,2026-10-04 20:42,2.028,2.023,2.0201785714285716,2.065,0.39,manqué (TP sans entrée),False,0.0,manqué (TP sans entrée),0.0
PONS/USDT,15m,long,2026-10-04 11:16,0.408,0.4051,0.40222142857142856,0.4294,1.42,SL,True,-1.187,SL,-1.187
PONS/USDT,15m,short,2026-10-04 20:42,0.4036,0.4064,0.4084285714285714,0.3759,1.2,en attente,False,0.0,en attente,0.0
ATH/USDT,15m,long,2026-10-04 11:16,0.007214,0.0071155,0.007017,0.008489,2.73,en attente,False,0.0,en attente,0.0
ENA/USDT,15m,long,2026-10-04 11:16,0.23374,0.23284,0.23186928571428572,0.24189,0.8,manqué (TP sans entrée),False,0.0,manqué (TP sans entrée),0.0
ENA/USDT,15m,long,2026-10-04 20:42,0.23716,0.23547,0.23473428571428573,0.24229,1.02,manqué (TP sans entrée),False,0.0,manqué (TP sans entrée),0.0
ENA/USDT,1h,short,2026-10-04 11:16,0.25942,0.26483,0.26616392857142857,0.22797,2.6,en attente,False,0.0,en attente,0.0
OKB/USDT,15m,long,2026-10-04 11:16,120.62,120.36,120.19428571428571,121.72,0.35,manqué (TP sans entrée),False,0.0,manqué (TP sans entrée),0.0
XLM/USDT,15m,long,2026-10-04 11:16,0.21527,0.21469,0.21437035714285713,0.21785,0.42,manqué (TP sans entrée),False,0.0,manqué (TP sans entrée),0.0
XLM/USDT,15m,long,2026-10-04 20:42,0.21684,0.21618,0.2157889285714286,0.22033,0.48,manqué (TP sans entrée),False,0.0,manqué (TP sans entrée),0.0
XLM/USDT,15m,long,2026-10-05 00:35,0.22106,0.21995,0.21935035714285714,0.22499,0.77,manqué (TP sans entrée),False,0.0,manqué (TP sans entrée),0.0
XLM/USDT,1h,short,2026-10-04 11:16,0.22309,0.22637,0.22766499999999998,0.21149,2.05,ouvert,True,0.028,ouvert,0.021
AXS/USDT,15m,long,2026-10-04 11:16,1.3281,1.2973,1.287110714285714,1.4547,3.09,ouvert,False,-0.559,ouvert,-0.559
PENGU/USDT,1h,short,2026-10-04 11:17,0.009765,0.010013,0.010056357142857143,0.00873,2.98,ouvert,False,-0.002,ouvert,-0.002
ICP/USDT,15m,long,2026-10-04 11:17,3.307,3.3005,3.2875,3.448,0.59,manqué (TP sans entrée),False,0.0,manqué (TP sans entrée),0.0
ICP/USDT,15m,long,2026-10-04 20:42,3.352,3.338,3.323785714285714,3.46,0.84,SL,True,-1.314,SL,-1.314
ZAMA/USDT,1h,long,2026-10-04 11:17,0.08077,0.07866,0.07760964285714285,0.0925,3.91,en attente,False,0.0,en attente,0.0
GRAM/USDT,15m,long,2026-10-04 11:17,1.516,1.512,1.5092857142857143,1.545,0.44,manqué (TP sans entrée),False,0.0,manqué (TP sans entrée),0.0
PROS/USDT,15m,long,2026-10-04 11:17,0.7217,0.7143535714285715,0.7070071428571428,0.8331,2.04,manqué (TP sans entrée),False,0.0,manqué (TP sans entrée),0.0
PROS/USDT,1h,long,2026-10-04 11:17,0.6914,0.678125,0.6648499999999999,0.8331,3.84,manqué (TP sans entrée),False,0.0,manqué (TP sans entrée),0.0
PROS/USDT,1h,long,2026-10-04 15:01,0.7121,0.6955964285714286,0.6790928571428572,0.8335,4.64,manqué (TP sans entrée),False,0.0,manqué (TP sans entrée),0.0
XCRCL/USDT,15m,long,2026-10-04 11:17,82.71,82.64,82.57571428571428,83.29,0.16,manqué (TP sans entrée),False,0.0,manqué (TP sans entrée),0.0
XCRCL/USDT,15m,long,2026-10-04 15:01,82.9,82.78,82.71035714285715,83.43,0.23,manqué (TP sans entrée),False,0.0,manqué (TP sans entrée),0.0
XCRCL/USDT,15m,long,2026-10-04 23:23,83.28,83.20357142857144,83.12714285714286,83.98,0.18,manqué (TP sans entrée),False,0.0,manqué (TP sans entrée),0.0
XCRCL/USDT,15m,short,2026-10-05 02:26,83.94,84.11,84.23321428571428,83.05,0.35,manqué (TP sans entrée),False,0.0,manqué (TP sans entrée),0.0
OP/USDT,15m,short,2026-10-04 11:17,0.13642,0.13702,0.13726785714285714,0.13269,0.62,manqué (TP sans entrée),False,0.0,manqué (TP sans entrée),0.0
SOL/USDT,1h,long,2026-10-04 15:01,119.81,119.54142857142857,119.27285714285713,121.97,0.45,manqué (TP sans entrée),False,0.0,manqué (TP sans entrée),0.0
DOGE/USDT,15m,long,2026-10-04 15:01,0.09304,0.09276,0.09264892857142856,0.0941,0.42,manqué (TP sans entrée),False,0.0,manqué (TP sans entrée),0.0
DOGE/USDT,15m,long,2026-10-04 20:42,0.09442,0.09419392857142858,0.09396392857142857,0.09623,0.48,manqué (TP sans entrée),False,0.0,manqué (TP sans entrée),0.0
DOGE/USDT,15m,long,2026-10-04 23:23,0.09574,0.0954,0.09511321428571429,0.0976,0.65,ouvert,False,-0.144,ouvert,-0.144
WLD/USDT,15m,short,2026-10-04 15:01,0.5888,0.5914,0.5942964285714286,0.5765,0.93,TP,False,1.327,TP,1.327
AAVE/USDT,15m,short,2026-10-04 15:01,181.24,181.92,182.27249999999998,178.58,0.57,manqué (TP sans entrée),False,0.0,manqué (TP sans entrée),0.0
AAVE/USDT,15m,long,2026-10-05 03:28,179.13,178.23,177.73642857142855,182.46,0.78,en attente,False,0.0,en attente,0.0
TRX/USDT,15m,long,2026-10-04 15:01,0.33504,0.33487,0.3347,0.33655,0.1,ouvert,False,-0.883,ouvert,-0.883
ICP/USDT,1h,long,2026-10-04 15:01,3.324,3.294,3.2646785714285715,3.52,1.78,ouvert,False,-0.3,ouvert,-0.3
FET/USDT,15m,long,2026-10-04 15:01,0.2338,0.23251428571428573,0.23122857142857142,0.2436,1.1,manqué (TP sans entrée),False,0.0,manqué (TP sans entrée),0.0
FET/USDT,15m,long,2026-10-04 20:42,0.2418,0.2395,0.237425,0.26,1.81,manqué (TP sans entrée),False,0.0,manqué (TP sans entrée),0.0
FET/USDT,15m,long,2026-10-04 21:30,0.2442,0.24224642857142858,0.24029285714285714,0.26,1.6,manqué (TP sans entrée),False,0.0,manqué (TP sans entrée),0.0
FET/USDT,15m,long,2026-10-05 02:54,0.2531,0.25138571428571427,0.24967142857142854,0.2645,1.35,en attente,False,0.0,en attente,0.0
IOTA/USDT,15m,long,2026-10-04 15:01,0.0586,0.05773,0.057224642857142856,0.06342,2.35,ouvert,False,-0.381,ouvert,-0.381
IOTA/USDT,15m,long,2026-10-05 03:29,0.05746,0.05694,0.056715714285714286,0.06342,1.3,en attente,False,0.0,en attente,0.0
IOTA/USDT,1h,long,2026-10-04 15:01,0.05435,0.053582500000000005,0.052815,0.06342,2.82,en attente,False,0.0,en attente,0.0
ADA/USDT,15m,long,2026-10-04 20:42,0.2449,0.24398571428571428,0.24307142857142855,0.2577,0.75,manqué (TP sans entrée),False,0.0,manqué (TP sans entrée),0.0
ADA/USDT,15m,long,2026-10-04 21:30,0.2479,0.24695714285714288,0.2460142857142857,0.2577,0.76,manqué (TP sans entrée),False,0.0,manqué (TP sans entrée),0.0
ADA/USDT,15m,long,2026-10-05 00:35,0.2514,0.24987857142857145,0.24835714285714286,0.2687,1.21,manqué (TP sans entrée),False,0.0,manqué (TP sans entrée),0.0
FET/USDT,1h,long,2026-10-04 20:42,0.2239,0.22089642857142855,0.2178928571428571,0.26,2.68,manqué (TP sans entrée),False,0.0,manqué (TP sans entrée),0.0
FET/USDT,1h,long,2026-10-05 00:04,0.2357,0.23241785714285712,0.22913571428571428,0.26,2.79,manqué (TP sans entrée),False,0.0,manqué (TP sans entrée),0.0
NIGHT/USDT,15m,short,2026-10-04 20:42,0.04922,0.049488392857142856,0.04975678571428571,0.044,1.09,manqué (TP sans entrée),False,0.0,manqué (TP sans entrée),0.0
NIGHT/USDT,15m,short,2026-10-04 22:03,0.047701,0.04802510714285714,0.04834921428571429,0.043579,1.36,en attente,False,0.0,en attente,0.0
AVAX/USDT,15m,long,2026-10-04 20:42,11.007,10.975,10.953214285714287,11.133,0.49,manqué (TP sans entrée),False,0.0,manqué (TP sans entrée),0.0
AVAX/USDT,15m,short,2026-10-05 02:40,11.12,11.142428571428571,11.164857142857143,10.946,0.4,manqué (TP sans entrée),False,0.0,manqué (TP sans entrée),0.0
SENT/USDT,15m,long,2026-10-04 20:42,0.02302,0.022872142857142855,0.02272428571428571,0.02498,1.28,ouvert,False,-0.126,ouvert,-0.126
SENT/USDT,15m,long,2026-10-04 22:04,0.02229,0.022177142857142857,0.022064285714285713,0.02498,1.01,en attente,False,0.0,en attente,0.0
SENT/USDT,1h,long,2026-10-04 20:42,0.02287,0.022590357142857145,0.022310714285714288,0.02498,2.45,en attente,False,0.0,en attente,0.0
VIRTUAL/USDT,15m,long,2026-10-04 20:42,0.82,0.8159357142857142,0.8085357142857142,0.8637,1.4,manqué (TP sans entrée),False,0.0,manqué (TP sans entrée),0.0
VIRTUAL/USDT,15m,long,2026-10-05 03:29,0.8443,0.8405,0.8369249999999999,0.8745,0.87,manqué (TP sans entrée),False,0.0,manqué (TP sans entrée),0.0
XMSTR/USDT,15m,short,2026-10-04 20:42,163.01,163.1392857142857,163.26857142857142,161.94,0.16,SL,True,-2.683,SL,-2.683
XMSTR/USDT,15m,long,2026-10-04 23:37,162.48,162.20107142857142,161.92214285714283,165.79,0.34,manqué (TP sans entrée),False,0.0,manqué (TP sans entrée),0.0
XMSTR/USDT,1h,long,2026-10-04 20:42,160.9,160.2,159.87035714285713,164.63,0.64,manqué (TP sans entrée),False,0.0,manqué (TP sans entrée),0.0
AXS/USDT,1h,long,2026-10-04 21:30,1.2926,1.2361,1.2135357142857142,1.4547,6.12,en attente,False,0.0,en attente,0.0
HBAR/USDT,15m,long,2026-10-04 21:30,0.10254,0.1021,0.10188392857142857,0.10413,0.64,manqué (TP sans entrée),False,0.0,manqué (TP sans entrée),0.0
PENGU/USDT,15m,long,2026-10-04 21:30,0.009332,0.0093,0.009270607142857141,0.009566,0.66,manqué (TP sans entrée),False,0.0,manqué (TP sans entrée),0.0
PENGU/USDT,15m,long,2026-10-05 03:29,0.009604,0.009557,0.00950032142857143,0.009947,1.08,en attente,False,0.0,en attente,0.0
PONS/USDT,1h,short,2026-10-04 23:02,0.4169,0.4224,0.42768214285714284,0.3759,2.59,en attente,False,0.0,en attente,0.0
VIRTUAL/USDT,1h,long,2026-10-04 23:02,0.7909,0.7839142857142858,0.7769285714285714,0.8741,1.77,manqué (TP sans entrée),False,0.0,manqué (TP sans entrée),0.0
ZEC/USDT,15m,long,2026-10-05 00:35,1335.82,1327.6,1322.2410714285713,1368.0,1.02,ouvert,True,-0.534,ouvert,-0.534
XRP/USDT,15m,long,2026-10-05 00:35,1.5074,1.5017,1.4987857142857144,1.5269,0.57,manqué (TP sans entrée),False,0.0,manqué (TP sans entrée),0.0
XAUT/USDT,15m,long,2026-10-05 00:59,4140.2,4138.292857142857,4132.892857142858,4157.6,0.18,manqué (TP sans entrée),False,0.0,manqué (TP sans entrée),0.0
XAUT/USDT,15m,long,2026-10-05 02:40,4146.8,4143.2,4140.885714285714,4164.2,0.14,SL,True,-3.014,SL,-3.014
BCH/USDT,15m,long,2026-10-05 00:59,316.8,315.5,314.89285714285717,321.0,0.6,manqué (TP sans entrée),False,0.0,manqué (TP sans entrée),0.0
SUI/USDT,1h,long,2026-10-05 01:12,1.1826,1.1719285714285714,1.1607285714285713,1.2597,1.85,en attente,False,0.0,en attente,0.0
SHIB/USDT,15m,long,2026-10-05 01:28,5.828e-06,5.802e-06,5.7826428571428575e-06,6.008e-06,0.78,en attente,False,0.0,en attente,0.0
XPL/USDT,1h,short,2026-10-05 02:26,0.09824,0.10096,0.10145749999999999,0.09034,3.28,en attente,False,0.0,en attente,0.0
SHIB/USDT,1h,long,2026-10-05 03:05,5.706e-06,5.6740714285714285e-06,5.642142857142857e-06,6.035e-06,1.12,en attente,False,0.0,en attente,0.0
SUI/USDT,15m,long,2026-10-05 03:28,1.2095,1.2034,1.198157142857143,1.2522,0.94,en attente,False,0.0,en attente,0.0
